timestamp,line,machine,event_code,temperature,speed,vibration,motor_current,defect_count,downtime_min,batch,operator_note
2026-03-01 06:00:00,LINE-A,IMM-01,RUN,61.6,118.5,2.31,14.29,0,0.0,LOT-0111,
2026-03-01 06:00:00,LINE-A,IMM-02,RUN,65.5,116.6,2.56,14.91,0,0.0,LOT-0121,
2026-03-01 06:00:00,LINE-A,IMM-03,RUN,68.2,119.5,2.58,15.84,0,0.0,LOT-0131,
2026-03-01 06:02:00,LINE-A,IMM-01,RUN,61.5,118.9,2.38,14.66,1,0.0,LOT-0111,
2026-03-01 06:02:00,LINE-A,IMM-02,RUN,64.5,119.0,2.77,14.72,0,0.0,LOT-0121,
2026-03-01 06:02:00,LINE-A,IMM-03,RUN,67.4,121.6,2.45,15.38,0,0.0,LOT-0131,
2026-03-01 06:04:00,LINE-A,IMM-01,RUN,60.8,119.9,2.41,14.57,0,0.0,LOT-0111,
2026-03-01 06:04:00,LINE-A,IMM-02,RUN,64.3,119.0,2.65,15.49,2,0.0,LOT-0121,
2026-03-01 06:04:00,LINE-A,IMM-03,RUN,68.0,122.8,2.59,15.09,0,0.0,LOT-0131,
2026-03-01 06:06:00,LINE-A,IMM-01,RUN,62.6,119.1,2.31,14.57,0,0.0,LOT-0111,
2026-03-01 06:06:00,LINE-A,IMM-02,RUN,65.8,118.9,2.59,15.39,1,0.0,LOT-0121,
2026-03-01 06:06:00,LINE-A,IMM-03,RUN,67.9,122.8,2.59,15.68,1,0.0,LOT-0131,
2026-03-01 06:08:00,LINE-A,IMM-01,RUN,62.0,121.1,2.36,14.8,0,0.0,LOT-0111,
2026-03-01 06:08:00,LINE-A,IMM-02,RUN,65.1,118.6,2.55,15.18,0,0.0,LOT-0121,
2026-03-01 06:08:00,LINE-A,IMM-03,RUN,69.1,123.0,2.5,15.39,0,0.0,LOT-0131,
2026-03-01 06:10:00,LINE-A,IMM-01,RUN,62.1,117.3,2.35,14.82,0,0.0,LOT-0111,
2026-03-01 06:10:00,LINE-A,IMM-02,RUN,65.3,116.6,2.64,14.99,1,0.0,LOT-0121,
2026-03-01 06:10:00,LINE-A,IMM-03,RUN,67.4,120.8,2.46,15.23,0,0.0,LOT-0131,
2026-03-01 06:12:00,LINE-A,IMM-01,RUN,61.5,120.4,2.41,14.2,0,0.0,LOT-0111,
2026-03-01 06:12:00,LINE-A,IMM-02,RUN,65.4,117.7,2.64,14.69,0,0.0,LOT-0121,
2026-03-01 06:12:00,LINE-A,IMM-03,RUN,66.3,121.8,2.6,15.27,0,0.0,LOT-0131,
2026-03-01 06:14:00,LINE-A,IMM-01,RUN,62.7,119.2,2.39,14.34,1,0.0,LOT-0111,
2026-03-01 06:14:00,LINE-A,IMM-02,RUN,64.7,115.1,2.63,15.0,0,0.0,LOT-0121,
2026-03-01 06:14:00,LINE-A,IMM-03,RUN,68.2,121.4,2.43,15.53,0,0.0,LOT-0131,
2026-03-01 06:16:00,LINE-A,IMM-01,RUN,62.6,120.4,2.39,14.63,1,0.0,LOT-0111,
2026-03-01 06:16:00,LINE-A,IMM-02,RUN,64.7,116.9,2.67,15.12,1,0.0,LOT-0121,
2026-03-01 06:16:00,LINE-A,IMM-03,RUN,68.9,123.6,2.54,15.06,0,0.0,LOT-0131,
2026-03-01 06:18:00,LINE-A,IMM-01,RUN,61.9,122.3,2.54,14.42,0,0.0,LOT-0111,
2026-03-01 06:18:00,LINE-A,IMM-02,RUN,65.4,118.7,2.61,14.97,1,0.0,LOT-0121,
2026-03-01 06:18:00,LINE-A,IMM-03,RUN,67.6,121.8,2.52,15.87,0,0.0,LOT-0131,
2026-03-01 06:20:00,LINE-A,IMM-01,RUN,61.7,119.8,2.44,15.0,0,0.0,LOT-0112,
2026-03-01 06:20:00,LINE-A,IMM-02,RUN,64.6,115.7,2.69,14.99,1,0.0,LOT-0122,
2026-03-01 06:20:00,LINE-A,IMM-03,RUN,66.9,122.0,2.6,15.46,0,0.0,LOT-0132,
2026-03-01 06:22:00,LINE-A,IMM-01,RUN,61.8,120.1,2.43,14.78,0,0.0,LOT-0112,
2026-03-01 06:22:00,LINE-A,IMM-02,RUN,65.2,120.8,2.54,15.05,1,0.0,LOT-0122,
2026-03-01 06:22:00,LINE-A,IMM-03,RUN,67.4,122.2,2.53,15.51,1,0.0,LOT-0132,
2026-03-01 06:24:00,LINE-A,IMM-01,RUN,61.5,120.9,2.49,14.29,0,0.0,LOT-0112,
2026-03-01 06:24:00,LINE-A,IMM-02,RUN,64.9,119.4,2.58,14.71,0,0.0,LOT-0122,
2026-03-01 06:24:00,LINE-A,IMM-03,RUN,68.3,120.4,2.5,15.76,0,0.0,LOT-0132,
2026-03-01 06:26:00,LINE-A,IMM-01,RUN,62.0,118.3,2.55,14.31,0,0.0,LOT-0112,
2026-03-01 06:26:00,LINE-A,IMM-02,RUN,64.3,116.5,2.65,15.21,0,0.0,LOT-0122,
2026-03-01 06:26:00,LINE-A,IMM-03,RUN,67.7,122.6,2.58,15.31,0,0.0,LOT-0132,
2026-03-01 06:28:00,LINE-A,IMM-01,RUN,61.6,120.7,2.51,14.18,0,0.0,LOT-0112,
2026-03-01 06:28:00,LINE-A,IMM-02,RUN,65.6,118.8,2.54,15.25,0,0.0,LOT-0122,
2026-03-01 06:28:00,LINE-A,IMM-03,RUN,68.0,120.7,2.47,15.51,0,0.0,LOT-0132,
2026-03-01 06:30:00,LINE-A,IMM-01,RUN,62.4,120.9,2.32,14.59,0,0.0,LOT-0112,
2026-03-01 06:30:00,LINE-A,IMM-02,RUN,64.2,118.6,2.6,14.89,0,0.0,LOT-0122,
2026-03-01 06:30:00,LINE-A,IMM-03,RUN,66.6,122.2,2.54,15.48,0,0.0,LOT-0132,
2026-03-01 06:32:00,LINE-A,IMM-01,RUN,61.8,119.7,2.44,14.35,2,0.0,LOT-0112,
2026-03-01 06:32:00,LINE-A,IMM-02,RUN,65.1,117.8,2.72,14.83,0,0.0,LOT-0122,
2026-03-01 06:32:00,LINE-A,IMM-03,RUN,67.7,121.1,2.51,15.62,0,0.0,LOT-0132,
2026-03-01 06:34:00,LINE-A,IMM-01,RUN,61.8,120.7,2.46,14.33,0,0.0,LOT-0112,
2026-03-01 06:34:00,LINE-A,IMM-02,RUN,65.0,118.6,2.61,15.53,0,0.0,LOT-0122,
2026-03-01 06:34:00,LINE-A,IMM-03,RUN,68.5,123.4,2.5,16.11,0,0.0,LOT-0132,
2026-03-01 06:36:00,LINE-A,IMM-01,RUN,62.9,120.0,2.48,14.18,0,0.0,LOT-0112,
2026-03-01 06:36:00,LINE-A,IMM-02,RUN,65.8,117.6,2.56,15.29,0,0.0,LOT-0122,
2026-03-01 06:36:00,LINE-A,IMM-03,RUN,67.8,122.0,2.38,15.22,0,0.0,LOT-0132,
2026-03-01 06:38:00,LINE-A,IMM-01,RUN,61.6,119.0,2.39,14.72,0,0.0,LOT-0112,
2026-03-01 06:38:00,LINE-A,IMM-02,RUN,68.7,114.9,2.69,14.42,3,0.0,LOT-0122,
2026-03-01 06:38:00,LINE-A,IMM-03,RUN,67.4,124.3,2.5,15.48,1,0.0,LOT-0132,
2026-03-01 06:40:00,LINE-A,IMM-01,RUN,61.1,118.3,2.41,14.31,0,0.0,LOT-0113,
2026-03-01 06:40:00,LINE-A,IMM-02,RUN,73.4,112.6,2.51,14.97,2,0.0,LOT-0123,
2026-03-01 06:40:00,LINE-A,IMM-03,RUN,68.6,119.3,2.42,16.03,1,0.0,LOT-0133,
2026-03-01 06:42:00,LINE-A,IMM-01,RUN,62.2,121.1,2.33,14.27,0,0.0,LOT-0113,
2026-03-01 06:42:00,LINE-A,IMM-02,RUN,78.0,109.5,2.57,14.75,4,0.0,LOT-0123,
2026-03-01 06:42:00,LINE-A,IMM-03,RUN,68.6,123.6,2.54,15.27,0,0.0,LOT-0133,
2026-03-01 06:44:00,LINE-A,IMM-01,RUN,60.8,122.0,2.37,14.03,1,0.0,LOT-0113,
2026-03-01 06:44:00,LINE-A,IMM-02,ALM_TEMP_HI,82.6,106.3,2.69,14.77,4,0.0,LOT-0123,"housing hot to touch, cooling fan sounds weak"
2026-03-01 06:44:00,LINE-A,IMM-03,RUN,67.7,123.0,2.69,15.9,1,0.0,LOT-0133,
2026-03-01 06:46:00,LINE-A,IMM-01,RUN,62.2,118.9,2.31,14.6,2,0.0,LOT-0113,
2026-03-01 06:46:00,LINE-A,IMM-02,RUN,83.0,106.3,2.54,14.83,3,0.0,LOT-0123,
2026-03-01 06:46:00,LINE-A,IMM-03,RUN,67.6,122.4,2.48,15.52,1,0.0,LOT-0133,
2026-03-01 06:48:00,LINE-A,IMM-01,RUN,62.6,120.3,2.5,14.56,0,0.0,LOT-0113,
2026-03-01 06:48:00,LINE-A,IMM-02,RUN,82.6,107.1,2.62,15.01,4,0.0,LOT-0123,
2026-03-01 06:48:00,LINE-A,IMM-03,RUN,68.8,124.6,2.57,15.76,1,0.0,LOT-0133,
2026-03-01 06:50:00,LINE-A,IMM-01,RUN,62.0,118.4,2.36,14.68,1,0.0,LOT-0113,
2026-03-01 06:50:00,LINE-A,IMM-02,ALM_TEMP_HI,82.5,106.9,2.59,14.97,2,0.0,LOT-0123,
2026-03-01 06:50:00,LINE-A,IMM-03,RUN,67.7,120.3,2.58,15.64,2,0.0,LOT-0133,
2026-03-01 06:52:00,LINE-A,IMM-01,RUN,62.0,119.3,2.33,14.86,0,0.0,LOT-0113,
2026-03-01 06:52:00,LINE-A,IMM-02,STOP,83.1,104.5,2.73,14.68,6,5.0,LOT-0123,
2026-03-01 06:52:00,LINE-A,IMM-03,RUN,67.9,122.3,2.41,15.58,0,0.0,LOT-0133,
2026-03-01 06:54:00,LINE-A,IMM-01,RUN,60.8,119.3,2.42,14.55,0,0.0,LOT-0113,
2026-03-01 06:54:00,LINE-A,IMM-02,RUN,83.7,105.0,2.49,14.73,4,0.0,LOT-0123,
2026-03-01 06:54:00,LINE-A,IMM-03,RUN,69.1,123.5,2.56,15.28,0,0.0,LOT-0133,
2026-03-01 06:56:00,LINE-A,IMM-01,RUN,62.3,118.5,2.41,14.41,0,0.0,LOT-0113,
2026-03-01 06:56:00,LINE-A,IMM-02,ALM_TEMP_HI,81.6,107.7,2.56,14.48,3,0.0,LOT-0123,
2026-03-01 06:56:00,LINE-A,IMM-03,RUN,68.1,122.7,2.47,15.46,0,0.0,LOT-0133,
2026-03-01 06:58:00,LINE-A,IMM-01,RUN,62.2,119.8,2.35,14.1,0,0.0,LOT-0113,
2026-03-01 06:58:00,LINE-A,IMM-02,RUN,82.5,107.8,2.57,14.98,3,0.0,LOT-0123,
2026-03-01 06:58:00,LINE-A,IMM-03,RUN,67.7,121.5,2.46,15.67,0,0.0,LOT-0133,
2026-03-01 07:00:00,LINE-A,IMM-01,RUN,61.3,121.1,2.43,14.53,0,0.0,LOT-0114,
2026-03-01 07:00:00,LINE-A,IMM-02,RUN,82.9,106.6,2.63,15.07,2,0.0,LOT-0124,
2026-03-01 07:00:00,LINE-A,IMM-03,RUN,66.8,122.8,2.57,15.4,0,0.0,LOT-0134,
2026-03-01 07:02:00,LINE-A,IMM-01,RUN,63.1,120.6,2.35,14.59,1,0.0,LOT-0114,
2026-03-01 07:02:00,LINE-A,IMM-02,ALM_TEMP_HI,82.5,105.6,2.64,15.22,2,0.0,LOT-0124,
2026-03-01 07:02:00,LINE-A,IMM-03,RUN,68.0,121.5,2.46,15.23,0,0.0,LOT-0134,
2026-03-01 07:04:00,LINE-A,IMM-01,RUN,61.3,119.3,2.44,14.56,0,0.0,LOT-0114,
2026-03-01 07:04:00,LINE-A,IMM-02,RUN,83.3,106.9,2.63,15.25,2,0.0,LOT-0124,
2026-03-01 07:04:00,LINE-A,IMM-03,RUN,67.9,121.6,2.46,15.25,0,0.0,LOT-0134,
2026-03-01 07:06:00,LINE-A,IMM-01,RUN,61.0,121.6,2.4,14.01,0,0.0,LOT-0114,
2026-03-01 07:06:00,LINE-A,IMM-02,RUN,64.8,118.8,2.71,15.02,2,0.0,LOT-0124,
2026-03-01 07:06:00,LINE-A,IMM-03,RUN,67.6,121.2,2.56,15.85,0,0.0,LOT-0134,
2026-03-01 07:08:00,LINE-A,IMM-01,RUN,60.9,120.2,2.42,14.81,0,0.0,LOT-0114,
2026-03-01 07:08:00,LINE-A,IMM-02,RUN,64.4,116.1,2.65,14.9,0,0.0,LOT-0124,
2026-03-01 07:08:00,LINE-A,IMM-03,RUN,68.6,123.3,2.6,15.9,1,0.0,LOT-0134,
2026-03-01 07:10:00,LINE-A,IMM-01,RUN,62.0,122.1,2.37,14.66,0,0.0,LOT-0114,
2026-03-01 07:10:00,LINE-A,IMM-02,RUN,65.5,118.1,2.5,15.54,0,0.0,LOT-0124,
2026-03-01 07:10:00,LINE-A,IMM-03,RUN,67.2,122.4,2.51,15.32,1,0.0,LOT-0134,
2026-03-01 07:12:00,LINE-A,IMM-01,RUN,62.2,118.3,2.35,14.4,0,0.0,LOT-0114,
2026-03-01 07:12:00,LINE-A,IMM-02,RUN,63.3,116.3,2.48,14.77,0,0.0,LOT-0124,
2026-03-01 07:12:00,LINE-A,IMM-03,RUN,67.1,125.0,2.55,15.49,0,0.0,LOT-0134,
2026-03-01 07:14:00,LINE-A,IMM-01,RUN,62.3,123.5,2.42,14.43,0,0.0,LOT-0114,
2026-03-01 07:14:00,LINE-A,IMM-02,RUN,64.7,117.4,2.56,14.66,0,0.0,LOT-0124,
2026-03-01 07:14:00,LINE-A,IMM-03,RUN,67.5,123.0,2.39,15.81,0,0.0,LOT-0134,
2026-03-01 07:16:00,LINE-A,IMM-01,RUN,61.8,119.7,2.27,14.02,0,0.0,LOT-0114,
2026-03-01 07:16:00,LINE-A,IMM-02,RUN,66.4,118.0,2.56,14.88,0,0.0,LOT-0124,
2026-03-01 07:16:00,LINE-A,IMM-03,RUN,68.0,120.2,2.49,15.57,0,0.0,LOT-0134,
2026-03-01 07:18:00,LINE-A,IMM-01,RUN,61.5,118.5,2.51,14.58,0,0.0,LOT-0114,
2026-03-01 07:18:00,LINE-A,IMM-02,RUN,65.0,120.1,2.57,15.05,0,0.0,LOT-0124,
2026-03-01 07:18:00,LINE-A,IMM-03,RUN,67.1,123.0,2.54,15.52,0,0.0,LOT-0134,
